<?xml version="1.0"?>
<doc>
    <assembly>
        <name>Ploeh.AutoFixture.Xunit</name>
    </assembly>
    <members>
        <member name="T:Ploeh.AutoFixture.Xunit.AutoDataAttribute">
            <summary>
            Provides auto-generated data specimens generated by AutoFixture as an extention to
            xUnit.net's Theory attribute.
            </summary>
        </member>
        <member name="M:Ploeh.AutoFixture.Xunit.AutoDataAttribute.#ctor">
            <summary>
            Initializes a new instance of the <see cref="T:Ploeh.AutoFixture.Xunit.AutoDataAttribute"/> class.
            </summary>
            <remarks>
            <para>
            This constructor overload initializes the <see cref="P:Ploeh.AutoFixture.Xunit.AutoDataAttribute.Fixture"/> to an instance of
            <see cref="P:Ploeh.AutoFixture.Xunit.AutoDataAttribute.Fixture"/>.
            </para>
            </remarks>
        </member>
        <member name="M:Ploeh.AutoFixture.Xunit.AutoDataAttribute.#ctor(System.Type)">
            <summary>
            Initializes a new instance of the <see cref="T:Ploeh.AutoFixture.Xunit.AutoDataAttribute"/> class with an
            <see cref="T:Ploeh.AutoFixture.IFixture"/> of the supplied type.
            </summary>
            <param name="fixtureType">The type of the composer.</param>
            <exception cref="T:System.ArgumentException">
            <paramref name="fixtureType"/> does not implement <see cref="T:Ploeh.AutoFixture.IFixture"/>
            or does not have a default constructor.
            </exception>
        </member>
        <member name="M:Ploeh.AutoFixture.Xunit.AutoDataAttribute.#ctor(Ploeh.AutoFixture.IFixture)">
            <summary>
            Initializes a new instance of the <see cref="T:Ploeh.AutoFixture.Xunit.AutoDataAttribute"/> class with the
            supplied <see cref="T:Ploeh.AutoFixture.IFixture"/>.
            </summary>
            <param name="fixture">The fixture.</param>
        </member>
        <member name="M:Ploeh.AutoFixture.Xunit.AutoDataAttribute.GetData(System.Reflection.MethodInfo,System.Type[])">
            <summary>
            Returns the data to be used to test the theory.
            </summary>
            <param name="methodUnderTest">The method that is being tested</param>
            <param name="parameterTypes">The types of the parameters for the test method</param>
            <returns>The theory data generated by <see cref="P:Ploeh.AutoFixture.Xunit.AutoDataAttribute.Fixture"/>.</returns>
        </member>
        <member name="P:Ploeh.AutoFixture.Xunit.AutoDataAttribute.Fixture">
            <summary>
            Gets the fixture used by <see cref="M:Ploeh.AutoFixture.Xunit.AutoDataAttribute.GetData(System.Reflection.MethodInfo,System.Type[])"/> to create specimens.
            </summary>
        </member>
        <member name="P:Ploeh.AutoFixture.Xunit.AutoDataAttribute.FixtureType">
            <summary>
            Gets the type of <see cref="P:Ploeh.AutoFixture.Xunit.AutoDataAttribute.Fixture"/>.
            </summary>
        </member>
        <member name="T:Ploeh.AutoFixture.Xunit.CompositeDataAttribute">
            <summary>
            An implementation of DataAttribute that composes other DataAttribute instances.
            </summary>
        </member>
        <member name="M:Ploeh.AutoFixture.Xunit.CompositeDataAttribute.#ctor(System.Collections.Generic.IEnumerable{Xunit.Extensions.DataAttribute})">
            <summary>
            Initializes a new instance of the <see cref="T:Ploeh.AutoFixture.Xunit.CompositeDataAttribute"/> class.
            </summary>
            <param name="attributes">The attributes representing a data source for a data theory.
            </param>
        </member>
        <member name="M:Ploeh.AutoFixture.Xunit.CompositeDataAttribute.#ctor(Xunit.Extensions.DataAttribute[])">
            <summary>
            Initializes a new instance of the <see cref="T:Ploeh.AutoFixture.Xunit.CompositeDataAttribute"/> class.
            </summary>
            <param name="attributes">The attributes representing a data source for a data theory.
            </param>
        </member>
        <member name="M:Ploeh.AutoFixture.Xunit.CompositeDataAttribute.GetData(System.Reflection.MethodInfo,System.Type[])">
            <summary>
            Returns the composition of data to be used to test the theory. Favors the data returned
            by DataAttributes in ascending order. Data already returned is ignored on next
            DataAttribute returned data.
            </summary>
            <param name="methodUnderTest">The method that is being tested.</param>
            <param name="parameterTypes">The types of the parameters for the test method.</param>
            <returns>
            Returns the composition of the theory data.
            </returns>
            <remarks>
            The number of test cases is set from the first DataAttribute theory length.
            </remarks>
        </member>
        <member name="P:Ploeh.AutoFixture.Xunit.CompositeDataAttribute.Attributes">
            <summary>
            Gets the attributes supplied through one of the constructors.
            </summary>
        </member>
        <member name="T:Ploeh.AutoFixture.Xunit.CustomizeAttribute">
            <summary>
            Base class for customizing parameters in methods decorated with
            <see cref="T:Ploeh.AutoFixture.Xunit.AutoDataAttribute"/>.
            </summary>
        </member>
        <member name="M:Ploeh.AutoFixture.Xunit.CustomizeAttribute.GetCustomization(System.Reflection.ParameterInfo)">
            <summary>
            Gets a customization for a parameter.
            </summary>
            <param name="parameter">The parameter for which the customization is requested.</param>
            <returns></returns>
        </member>
        <member name="T:Ploeh.AutoFixture.Xunit.FavorArraysAttribute">
            <summary>
            An attribute that can be applied to parameters in an <see cref="T:Ploeh.AutoFixture.Xunit.AutoDataAttribute"/>-driven
            Theory to indicate that the parameter value should be created using a constructor with one
            or more array arguments, if applicable.
            </summary>
        </member>
        <member name="M:Ploeh.AutoFixture.Xunit.FavorArraysAttribute.GetCustomization(System.Reflection.ParameterInfo)">
            <summary>
            Gets a customization that associates a <see cref="T:Ploeh.AutoFixture.Kernel.ArrayFavoringConstructorQuery"/> with
            the <see cref="T:System.Type"/> of the parameter.
            </summary>
            <param name="parameter">The parameter for which the customization is requested.</param>
            <returns>
            A customization that associates a <see cref="T:Ploeh.AutoFixture.Kernel.ArrayFavoringConstructorQuery"/> with the
            <see cref="T:System.Type"/> of the parameter.
            </returns>
        </member>
        <member name="T:Ploeh.AutoFixture.Xunit.FavorEnumerablesAttribute">
            <summary>
            An attribute that can be applied to parameters in an <see cref="T:Ploeh.AutoFixture.Xunit.AutoDataAttribute"/>-driven
            Theory to indicate that the parameter value should be created using a constructor with one
            or more <see cref="T:System.Collections.Generic.IEnumerable`1"/> arguments, if applicable.
            </summary>
        </member>
        <member name="M:Ploeh.AutoFixture.Xunit.FavorEnumerablesAttribute.GetCustomization(System.Reflection.ParameterInfo)">
            <summary>
            Gets a customization that associates a <see cref="T:Ploeh.AutoFixture.Kernel.EnumerableFavoringConstructorQuery"/>
            with the <see cref="T:System.Type"/> of the parameter.
            </summary>
            <param name="parameter">The parameter for which the customization is requested.</param>
            <returns>
            A customization that associates a <see cref="T:Ploeh.AutoFixture.Kernel.EnumerableFavoringConstructorQuery"/> with
            the <see cref="T:System.Type"/> of the parameter.
            </returns>
        </member>
        <member name="T:Ploeh.AutoFixture.Xunit.FavorListsAttribute">
            <summary>
            An attribute that can be applied to parameters in an <see cref="T:Ploeh.AutoFixture.Xunit.AutoDataAttribute"/>-driven
            Theory to indicate that the parameter value should be created using a constructor with one
            or more <see cref="T:System.Collections.Generic.IList`1"/> arguments, if applicable.
            </summary>
        </member>
        <member name="M:Ploeh.AutoFixture.Xunit.FavorListsAttribute.GetCustomization(System.Reflection.ParameterInfo)">
            <summary>
            Gets a customization that associates a <see cref="T:Ploeh.AutoFixture.Kernel.ListFavoringConstructorQuery"/> with
            the <see cref="T:System.Type"/> of the parameter.
            </summary>
            <param name="parameter">The parameter for which the customization is requested.</param>
            <returns>
            A customization that associates a <see cref="T:Ploeh.AutoFixture.Kernel.ListFavoringConstructorQuery"/> with the
            <see cref="T:System.Type"/> of the parameter.
            </returns>
        </member>
        <member name="T:Ploeh.AutoFixture.Xunit.FrozenAttribute">
            <summary>
            An attribute that can be applied to parameters in an <see cref="T:Ploeh.AutoFixture.Xunit.AutoDataAttribute"/>-driven
            Theory to indicate that the parameter value should be frozen so that the same instance is
            returned every time the <see cref="T:Ploeh.AutoFixture.IFixture"/> creates an instance of that type.
            </summary>
        </member>
        <member name="M:Ploeh.AutoFixture.Xunit.FrozenAttribute.GetCustomization(System.Reflection.ParameterInfo)">
            <summary>
            Gets a customization that freezes the <see cref="T:System.Type"/> of the parameter.
            </summary>
            <param name="parameter">The parameter for which the customization is requested.</param>
            <returns>
            A customization that freezes the <see cref="T:System.Type"/> of the parameter.
            </returns>
            <exception cref="T:System.ArgumentNullException">
            <paramref name="parameter"/> is null.
            </exception>
        </member>
        <member name="P:Ploeh.AutoFixture.Xunit.FrozenAttribute.As">
            <summary>
            Gets or sets the <see cref="T:System.Type"/> that the frozen parameter value
            should be mapped to in the <see cref="T:Ploeh.AutoFixture.IFixture"/>.
            </summary>
        </member>
        <member name="T:Ploeh.AutoFixture.Xunit.GreedyAttribute">
            <summary>
            An attribute that can be applied to parameters in an <see cref="T:Ploeh.AutoFixture.Xunit.AutoDataAttribute"/>-driven
            Theory to indicate that the parameter value should be created using the most greedy
            constructor that can be satisfied by an <see cref="T:Ploeh.AutoFixture.IFixture"/>.
            </summary>
        </member>
        <member name="M:Ploeh.AutoFixture.Xunit.GreedyAttribute.GetCustomization(System.Reflection.ParameterInfo)">
            <summary>
            Gets a customization that associates a <see cref="T:Ploeh.AutoFixture.Kernel.GreedyConstructorQuery"/> with the
            <see cref="T:System.Type"/> of the parameter.
            </summary>
            <param name="parameter">The parameter for which the customization is requested.</param>
            <returns>
            A customization that associates a <see cref="T:Ploeh.AutoFixture.Kernel.GreedyConstructorQuery"/> with the
            <see cref="T:System.Type"/> of the parameter.
            </returns>
        </member>
        <member name="T:Ploeh.AutoFixture.Xunit.InlineAutoDataAttribute">
            <summary>
            Provides a data source for a data theory, with the data coming from inline
            values combined with auto-generated data specimens generated by AutoFixture.
            </summary>    
        </member>
        <member name="M:Ploeh.AutoFixture.Xunit.InlineAutoDataAttribute.#ctor(System.Object[])">
            <summary>
            Initializes a new instance of the <see cref="T:Ploeh.AutoFixture.Xunit.InlineAutoDataAttribute"/> class.
            </summary>
            <param name="values">The data values to pass to the theory.</param>
        </member>
        <member name="M:Ploeh.AutoFixture.Xunit.InlineAutoDataAttribute.#ctor(Ploeh.AutoFixture.Xunit.AutoDataAttribute,System.Object[])">
            <summary>
            Initializes a new instance of the <see cref="T:Ploeh.AutoFixture.Xunit.InlineAutoDataAttribute"/> class.
            </summary>
            <param name="autoDataAttribute">An <see cref="P:Ploeh.AutoFixture.Xunit.InlineAutoDataAttribute.AutoDataAttribute"/>.</param>
            <param name="values">The data values to pass to the theory.</param>
        </member>
        <member name="P:Ploeh.AutoFixture.Xunit.InlineAutoDataAttribute.Values">
            <summary>
            Gets the data values to pass to the theory.
            </summary>
        </member>
        <member name="P:Ploeh.AutoFixture.Xunit.InlineAutoDataAttribute.AutoDataAttribute">
            <summary>
            Gets the <see cref="P:Ploeh.AutoFixture.Xunit.InlineAutoDataAttribute.AutoDataAttribute"/> encapsulated by this instance.
            </summary>
            <remarks>
            <para>
            If the constructor overload wich takes an explicit instance of
            <see cref="P:Ploeh.AutoFixture.Xunit.InlineAutoDataAttribute.AutoDataAttribute"/> is used, this property exposes that instance.
            </para>
            </remarks>
            <seealso cref="M:Ploeh.AutoFixture.Xunit.InlineAutoDataAttribute.#ctor(Ploeh.AutoFixture.Xunit.AutoDataAttribute,System.Object[])"/>
        </member>
        <member name="T:Ploeh.AutoFixture.Xunit.ModestAttribute">
            <summary>
            An attribute that can be applied to parameters in an <see cref="T:Ploeh.AutoFixture.Xunit.AutoDataAttribute"/>-driven
            Theory to indicate that the parameter value should be created using the most modest
            constructor that can be satisfied by an <see cref="T:Ploeh.AutoFixture.IFixture"/>.
            </summary>
        </member>
        <member name="M:Ploeh.AutoFixture.Xunit.ModestAttribute.GetCustomization(System.Reflection.ParameterInfo)">
            <summary>
            Gets a customization that associates a <see cref="T:Ploeh.AutoFixture.Kernel.ModestConstructorQuery"/> with the
            <see cref="T:System.Type"/> of the parameter.
            </summary>
            <param name="parameter">The parameter for which the customization is requested.</param>
            <returns>
            A customization that associates a <see cref="T:Ploeh.AutoFixture.Kernel.ModestConstructorQuery"/> with the
            <see cref="T:System.Type"/> of the parameter.
            </returns>
        </member>
    </members>
</doc>
